Description,Color,Occasion
Slim fit dress shirt with long sleeves and buttoned cuffs,Yellow,Casual
Wool sweater with cable knit design,Maroon,Official
Wool sweater with cable knit design,Mint,Official
Corduroy pants with side pockets and zip fly,Navy,Party
Relaxed fit collared shirt with short sleeves,Lavender,Casual
Silk tie with a subtle pattern,Lavender,Official
Polo shirt with embroidered logo on the chest,Cream,Casual
Velvet blazer with single-breasted closure,Green,Official
Corduroy pants with side pockets and zip fly,Burgundy,Official
Relaxed fit collared shirt with short sleeves,White,Casual
Cotton t-shirt with graphic print and ribbed neckline,Pink,Casual
Velvet blazer with single-breasted closure,Cream,Official
Oversized cardigan with front buttons,Brown,Party
Floral print sundress with spaghetti straps,Navy,Party
Cotton t-shirt with graphic print and ribbed neckline,White,Casual
Cotton t-shirt with graphic print and ribbed neckline,Blue,Casual
Sequin top with V-neck and short sleeves,Lavender,Official
Chiffon blouse with ruffled sleeves and keyhole back,Black,Casual
Relaxed fit collared shirt with short sleeves,Olive,Casual
Cotton t-shirt with graphic print and ribbed neckline,Burgundy,Casual
Wool sweater with cable knit design,Black,Official
Cotton t-shirt with graphic print and ribbed neckline,Grey,Casual
Chiffon blouse with ruffled sleeves and keyhole back,Lavender,Casual
Hooded sweatshirt with kangaroo pocket,Lavender,Casual
Silk tie with a subtle pattern,Sky blue,Party
Linen trousers with tapered legs and belt loops,Charcoal,Party
Velvet blazer with single-breasted closure,Pink,Official
Relaxed fit collared shirt with short sleeves,Beige,Casual
Pleated midi skirt with elastic waistband,Blue,Official
Oversized cardigan with front buttons,Beige,Casual
Chiffon blouse with ruffled sleeves and keyhole back,Lavender,Casual
Slim fit dress shirt with long sleeves and buttoned cuffs,Olive,Casual
Sequin top with V-neck and short sleeves,Black,Party
Silk tie with a subtle pattern,Olive,Official
Chiffon blouse with ruffled sleeves and keyhole back,Cream,Casual
Tailored suit jacket with notched lapels,Pink,Official
Turtleneck sweater with ribbed trims,Beige,Party
Tailored suit jacket with notched lapels,Blue,Official
Wool sweater with cable knit design,White,Official
Corduroy pants with side pockets and zip fly,Khaki,Official
Slim fit dress shirt with long sleeves and buttoned cuffs,Blue,Casual
Hooded sweatshirt with kangaroo pocket,Burgundy,Casual
Linen trousers with tapered legs and belt loops,White,Official
Corduroy pants with side pockets and zip fly,Red,Casual
Relaxed fit collared shirt with short sleeves,Sky blue,Casual
Relaxed fit collared shirt with short sleeves,Maroon,Casual
Slim fit dress shirt with long sleeves and buttoned cuffs,Red,Casual
Pleated midi skirt with elastic waistband,Pink,Official
Turtleneck sweater with ribbed trims,Yellow,Party
Corduroy pants with side pockets and zip fly,Cream,Official
Pleated midi skirt with elastic waistband,Maroon,Casual
Slim fit dress shirt with long sleeves and buttoned cuffs,Brown,Casual
Oversized cardigan with front buttons,Blue,Casual
Wool sweater with cable knit design,Brown,Party
Linen trousers with tapered legs and belt loops,Green,Casual
Corduroy pants with side pockets and zip fly,Cream,Party
Hooded sweatshirt with kangaroo pocket,Sky blue,Casual
Leather jacket with zippered cuffs and collar,Yellow,Official
Turtleneck sweater with ribbed trims,Grey,Party
Corduroy pants with side pockets and zip fly,Mint,Official
Velvet blazer with single-breasted closure,White,Official
Turtleneck sweater with ribbed trims,Lavender,Casual
Pleated midi skirt with elastic waistband,Pink,Casual
Floral print sundress with spaghetti straps,Maroon,Party
Tailored suit jacket with notched lapels,Beige,Official
Wool sweater with cable knit design,Green,Party
Tailored suit jacket with notched lapels,Beige,Official
Velvet blazer with single-breasted closure,Khaki,Official
Relaxed fit collared shirt with short sleeves,Olive,Casual
Oversized cardigan with front buttons,Charcoal,Party
Leather jacket with zippered cuffs and collar,Brown,Casual
Hooded sweatshirt with kangaroo pocket,Red,Casual
Silk tie with a subtle pattern,Brown,Official
Denim jacket with button-up front and chest pockets,Lavender,Casual
Polo shirt with embroidered logo on the chest,Mint,Casual
Silk tie with a subtle pattern,Yellow,Official
Denim jacket with button-up front and chest pockets,Blue,Casual
Linen trousers with tapered legs and belt loops,Beige,Party
Denim jacket with button-up front and chest pockets,Olive,Party
Faux fur coat with wide lapels,Sky blue,Party
Corduroy pants with side pockets and zip fly,Beige,Casual
Cotton t-shirt with graphic print and ribbed neckline,Blue,Casual
Leather jacket with zippered cuffs and collar,Yellow,Official
Turtleneck sweater with ribbed trims,Sky blue,Official
Oversized cardigan with front buttons,Black,Party
Linen trousers with tapered legs and belt loops,Pink,Casual
Turtleneck sweater with ribbed trims,Green,Official
Pleated midi skirt with elastic waistband,Beige,Party
Sequin top with V-neck and short sleeves,Yellow,Official
Corduroy pants with side pockets and zip fly,Red,Casual
Chiffon blouse with ruffled sleeves and keyhole back,Lavender,Casual
Turtleneck sweater with ribbed trims,Sky blue,Casual
Wool sweater with cable knit design,Grey,Official
Hooded sweatshirt with kangaroo pocket,Maroon,Casual
Oversized cardigan with front buttons,Maroon,Official
Denim jacket with button-up front and chest pockets,Red,Official
Denim jacket with button-up front and chest pockets,Beige,Casual
Faux fur coat with wide lapels,Burgundy,Official
Slim fit dress shirt with long sleeves and buttoned cuffs,Brown,Casual
Leather jacket with zippered cuffs and collar,Navy,Official
Polo shirt with embroidered logo on the chest,Navy,Casual
Denim jacket with button-up front and chest pockets,Mint,Party
Denim jacket with button-up front and chest pockets,Khaki,Official
Faux fur coat with wide lapels,Pink,Official
Linen trousers with tapered legs and belt loops,Grey,Official
Pleated midi skirt with elastic waistband,Brown,Casual
Polo shirt with embroidered logo on the chest,Sky blue,Casual
Hooded sweatshirt with kangaroo pocket,Navy,Casual
Wool sweater with cable knit design,Khaki,Casual
Polo shirt with embroidered logo on the chest,Charcoal,Casual
Denim jacket with button-up front and chest pockets,Navy,Casual
Sequin top with V-neck and short sleeves,Green,Official
Floral print sundress with spaghetti straps,Yellow,Party
Turtleneck sweater with ribbed trims,Navy,Official
Oversized cardigan with front buttons,Charcoal,Party
Sequin top with V-neck and short sleeves,Black,Official
Slim fit dress shirt with long sleeves and buttoned cuffs,Mint,Casual
Wool sweater with cable knit design,Red,Casual
Cotton t-shirt with graphic print and ribbed neckline,Green,Casual
Leather jacket with zippered cuffs and collar,Brown,Official
Turtleneck sweater with ribbed trims,Grey,Party
Slim fit dress shirt with long sleeves and buttoned cuffs,Mint,Casual
Oversized cardigan with front buttons,Blue,Official
Polo shirt with embroidered logo on the chest,Maroon,Casual
Oversized cardigan with front buttons,Khaki,Casual
Pleated midi skirt with elastic waistband,Mint,Party
Floral print sundress with spaghetti straps,Charcoal,Party
Tailored suit jacket with notched lapels,Beige,Official
Turtleneck sweater with ribbed trims,Mint,Party
Cotton t-shirt with graphic print and ribbed neckline,Green,Casual
Wool sweater with cable knit design,Yellow,Casual
Cotton t-shirt with graphic print and ribbed neckline,Blue,Casual
Velvet blazer with single-breasted closure,Mint,Official
Denim jacket with button-up front and chest pockets,Khaki,Party
Relaxed fit collared shirt with short sleeves,Green,Casual
Relaxed fit collared shirt with short sleeves,Mint,Casual
Denim jacket with button-up front and chest pockets,Grey,Casual
Corduroy pants with side pockets and zip fly,Sky blue,Casual
Floral print sundress with spaghetti straps,Brown,Party
Faux fur coat with wide lapels,Blue,Casual
Faux fur coat with wide lapels,Mint,Party
Silk tie with a subtle pattern,Navy,Casual
Floral print sundress with spaghetti straps,Red,Party
Leather jacket with zippered cuffs and collar,Charcoal,Official
Wool sweater with cable knit design,Green,Casual
Corduroy pants with side pockets and zip fly,Burgundy,Party
Linen trousers with tapered legs and belt loops,White,Party
Chiffon blouse with ruffled sleeves and keyhole back,Maroon,Casual
Leather jacket with zippered cuffs and collar,Navy,Casual
Leather jacket with zippered cuffs and collar,Navy,Casual
Hooded sweatshirt with kangaroo pocket,Red,Casual
Velvet blazer with single-breasted closure,Cream,Official
Denim jacket with button-up front and chest pockets,Mint,Official
Sequin top with V-neck and short sleeves,Black,Casual
Slim fit dress shirt with long sleeves and buttoned cuffs,Olive,Casual
Leather jacket with zippered cuffs and collar,Grey,Official
Pleated midi skirt with elastic waistband,Mint,Official
Tailored suit jacket with notched lapels,Green,Official
Floral print sundress with spaghetti straps,Brown,Party
Tailored suit jacket with notched lapels,Grey,Official
Slim fit dress shirt with long sleeves and buttoned cuffs,Black,Casual
Silk tie with a subtle pattern,Beige,Casual
Slim fit dress shirt with long sleeves and buttoned cuffs,Red,Casual
Chiffon blouse with ruffled sleeves and keyhole back,Mint,Casual
Cotton t-shirt with graphic print and ribbed neckline,Blue,Casual
Chiffon blouse with ruffled sleeves and keyhole back,Grey,Casual
Polo shirt with embroidered logo on the chest,Sky blue,Casual
Velvet blazer with single-breasted closure,Mint,Official
Hooded sweatshirt with kangaroo pocket,Sky blue,Casual
Relaxed fit collared shirt with short sleeves,Grey,Casual
Sequin top with V-neck and short sleeves,White,Casual
Linen trousers with tapered legs and belt loops,White,Party
Polo shirt with embroidered logo on the chest,Burgundy,Casual
Turtleneck sweater with ribbed trims,Black,Official
Chiffon blouse with ruffled sleeves and keyhole back,Lavender,Casual
Leather jacket with zippered cuffs and collar,Yellow,Casual
Sequin top with V-neck and short sleeves,Burgundy,Party
Chiffon blouse with ruffled sleeves and keyhole back,Black,Casual
Corduroy pants with side pockets and zip fly,Burgundy,Party
Tailored suit jacket with notched lapels,Cream,Official
Floral print sundress with spaghetti straps,Beige,Party
Tailored suit jacket with notched lapels,Cream,Official
Corduroy pants with side pockets and zip fly,Cream,Official
Slim fit dress shirt with long sleeves and buttoned cuffs,Lavender,Casual
Slim fit dress shirt with long sleeves and buttoned cuffs,Cream,Casual
Leather jacket with zippered cuffs and collar,Cream,Party
Turtleneck sweater with ribbed trims,Grey,Casual
Cotton t-shirt with graphic print and ribbed neckline,Olive,Casual
Linen trousers with tapered legs and belt loops,Olive,Casual
Tailored suit jacket with notched lapels,Navy,Official
Slim fit dress shirt with long sleeves and buttoned cuffs,Green,Casual
Floral print sundress with spaghetti straps,Yellow,Party
Denim jacket with button-up front and chest pockets,Burgundy,Party
Pleated midi skirt with elastic waistband,Maroon,Official
Hooded sweatshirt with kangaroo pocket,Burgundy,Casual
Faux fur coat with wide lapels,Lavender,Official
Polo shirt with embroidered logo on the chest,Sky blue,Casual
Tailored suit jacket with notched lapels,Green,Official
Leather jacket with zippered cuffs and collar,Burgundy,Party
Velvet blazer with single-breasted closure,Black,Official
